{
    "movies": [
        {
            "id": 1,
            "name": "Зеленая книга",
            "data": 2018,
            "duration": 124,
            "reiting": 9.1,
            "image": "https://thumbs.dfs.ivi.ru/storage32/contents/d/b/c72516e5e3a696a49e49c2901ccb1a.jpg/234x360/?q=60",
            "background": "https://thumbs.dfs.ivi.ru/storage32/contents/c/e/c61e2c79162fb7ba06cd2f12c43c06.jpg",
            "ifream": "https://www.youtube.com/embed/eors1MMmY5I",
            "genre": "Комедии, Биография, Драмы",
            "actors": [
                {
                    "image": "https://thumbs.dfs.ivi.ru/storage8/contents/1/7/b6c74d3f19404a112a4e9165297096.jpg/120x144/?q=60",
                    "name": "Вигго Мортенсен",
                    "about": "Вигго Мортенсен (Viggo Mortensen) — американский актер датского происхождения. Наиболее известен по ролям в фильмах...",
                    "hasMovie": "www.ivi.ru/person/viggo_mortensen#filmography"
                },
                {
                    "image": "https://thumbs.dfs.ivi.ru/storage28/contents/5/4/7173c10b8d6aacdfef82f3f24a98ef.jpg/120x144/?q=60",
                    "name": "Махершала Али",
                    "about": "Махершалалхашбаз (Махершала) Али Mahershalalhashbaz Ali) – американский актёр. Наиболее известен по ролям в сериалах...",
                    "hasMovie": "www.ivi.ru/person/mahershala-ali#filmography"
                },
                {
                    "image": "https://thumbs.dfs.ivi.ru/storage30/contents/9/d/9f3706dd80579b6fb1d19de7ef4089.jpg/120x144/?q=60",
                    "name": "Линда Карделлини",
                    "about": " ",
                    "hasMovie": "www.ivi.ru/person/linda-kardellini#filmography"

                }
            ]
        },
        {
            "id": 2,
            "name": "Дэдпул 2",
            "data": 2018,
            "duration": 114,
            "reiting": 8.2,
            "image": "https://avatars.mds.yandex.net/get-kinopoisk-image/1777765/f9da0090-ada3-49fb-b05d-20fbbb80f54b/300x450",
            "background": "https://avatars.mds.yandex.net/get-kinopoisk-post-img/1362954/350c5c37bc69cf273cc39f13ff673791/960x540",
            "ifream": "https://www.youtube.com/embed/tpXwjE8-TJo",
            "genre": "Фантастика, Боевики, Комедии",
            "actors": [
                {
                    "image": "https://s5.vcdn.biz/static/f/2312200661/image.jpg",
                    "name": "Райан Рейнольдс",
                    "about": "Райан Рейнольдс (Ryan Reynolds) – киноактер, известный по ролям в развлекательных фильмах и молодежных блокбастерах...",
                    "hasMovie": "https://www.ivi.ru/person/rajan_rejnolds#filmography"
                },
                {
                    "image": "",
                    "name": "Морена Баккарин",
                    "about": "Морена Баккарин – американская актриса, неоднократная номинантка на самые престижные премии в области киноиндустрии,...",
                    "hasMovie": "https://uznayvse.ru/person/morena-baccarin/morena_baccarin01.jpg"
                },
                {
                    "image": "https://avatars.mds.yandex.net/get-kinopoisk-image/1777765/633cc6e6-37c1-429b-8847-9be359e8a7c7/280x420",
                    "name": "ТиДжей Миллер",
                    "about": "",
                    "hasMovie": "https://www.ivi.ru/person/tidzhej-miller#filmography"
                }
            ]
        },
        {
            "id": 3,
            "name": "Джуманджи",
            "data": 2017,
            "duration": 122,
            "reiting": 8.3,
            "image": "https://thumbs.dfs.ivi.ru/storage6/contents/5/4/8deab33c842f849c6aee04800a21fc.jpg",
            "background": "https://www.film.ru/sites/default/files/filefield_paths/jumanji-the-next-level-ver2-xxlg.jpg",
            "ifream": " https://www.youtube.com/embed/kTdFiAHMDKY",
            "genre": "Комедии, Приключения, Фэнтези",
            "actors": [
                {
                    "image": "https://www.film.ru/sites/default/files/styles/thumb_260x320/public/people/1456177-1428238.jpg",
                    "name": "Дуэйн Джонсон",
                    "about": "Дуэйн «Скала» Джонсон – американский рестлер, актер и продюсер.",
                    "hasMovie": "https://www.ivi.ru/person/duejn_dzhonson#filmography"
                },
                {
                    "image": "https://images.uznayvse.ru/768x1024/p/images/catalog/2022/3/karen-gillan_74.jpg",
                    "name": "Карен Гиллан",
                    "about": "Карен Гиллан – шотландская актриса, наиболее известная по роли Эми Понд в культовом фантастическом сериале «Доктор Кто».",
                    "hasMovie": "https://www.ivi.ru/person/karen-gillan-22095#filmography"
                },
                {
                    "image": "https://thumbs.dfs.ivi.ru/storage8/contents/4/f/d9f5b964f125e2bd24e77970f19bde.jpg",
                    "name": "Джек Блэк",
                    "about": "Джек родился 28 августа 1969 года в Калифорнии. Принявший иудаизм шотландец отец и еврейка мать работали инженерами...",
                    "hasMovie": "https://www.ivi.ru/person/dzhek_blek#filmography"
                }
            ]
        },
        {
            "id": 4,
            "name": "Главный герой",
            "data": 2021,
            "duration": 8.4,
            "reiting": 110,
            "image": "https://thumbs.dfs.ivi.ru/storage31/contents/d/6/0a3dac8525f8b71f5e24efa683e62c.jpg/234x360/?q=60&fbclid=IwAR25grk46D9HLr0ogmab28y4RBRrqxbPg3rOubfImYUwlSXTBfgTwohEEU0",
            "background": "https://cdn.igromania.ru/mnt/articles/6/1/3/a/4/e/31841/preview/7525ec71848ea5f6_1920xH.jpg",
            "ifream": " https://www.youtube.com/embed/wnS4A5-vtFA  ",
            "genre": "Комедии, Фантастика, Боевики",
            "actors": [
                {
                    "image": "https://wikicomics.ru/uploads/posts/2020-08/1598387524_rayan-reynolds.jpg",
                    "name": "Райан Рейнольдс",
                    "about": "Райан Рейнольдс (Ryan Reynolds) – киноактер, известный по ролям в развлекательных фильмах и молодежных блокбастерах...",
                    "hasMovie": "https://www.ivi.ru/person/rajan_rejnolds#filmography"
                },
                {
                    "image": "https://www.vokrug.tv/pic/person/f/f/6/8/ff68a758fa89ddd243022db7b0185abc.jpg",
                    "name": "Джоди Комер",
                    "about": "Джоди Комер - британская актриса, наиболее известная по роли Вилланель в культовом сериале BBC America «Убивая...",
                    "hasMovie": null
                },
                {
                    "image": "https://avatars.mds.yandex.net/get-kinopoisk-image/4303601/2f0a0adb-3731-4e57-a149-53d9cccb7a53/280x420",
                    "name": "Джо Кири",
                    "about": "Джо Кири быстро зарекомендовал себя как востребованный молодой актер кино и телевидения. Совсем недавно он снялся...",
                    "hasMovie": null
                }
            ]
        },
        {
            "id": 5,
            "name": "Гнев человеческий",
            "data": 2021,
            "duration": 113,
            "reiting": 9.2,
            "image": "https://avatars.mds.yandex.net/get-kinopoisk-image/6201401/90d57813-387c-44c4-81c1-ecddb3c417a5/300x450",
            "background": "https://static3.coolconnections.ru/images/13602/standard/hd/c77134512062cb68348431181d70fe62c40a99d9.jpg?1619610265",
            "ifream": " https://www.youtube.com/embed/w-SOclvR5sg  ",
            "genre": "Боевики, Триллеры, Криминал",
            "actors": [
                {
                    "image": "https://s6.vcdn.biz/static/f/2312975121/image.jpg",
                    "name": "Джейсон Стэйтем",
                    "about": "Джейсон Стэйтем - английский киноактер, получивший известность за фильмы «Карты, деньги, два ствола», «Большой куш»,...",
                    "hasMovie": "https://www.ivi.ru/person/dzhejson-stejtem#filmography"
                },
                {
                    "image": "https://www.vokrug.tv/pic/person/3/8/9/c/389c14848d1d2e47b6fd105989f113fc.jpg",
                    "name": "Холт МакКэллани",
                    "about": "",
                    "hasMovie": "https://www.ivi.ru/person/holt-makkellani#filmography"
                },
                {
                    "image": "https://avatars.mds.yandex.net/get-kinopoisk-image/1629390/d6711beb-31af-4fa4-ae4c-007bbabe74cc/360",
                    "name": "Джеффри Донован",
                    "about": "",
                    "hasMovie": "https://www.ivi.ru/person/dzheffri-donovan#filmography"
                }
            ]
        },
        {
            "id": 6,
            "name": "Ледяной драйв",
            "data": 2021,
            "duration": 124,
            "reiting": 9.6,
            "image": "https://avatars.mds.yandex.net/get-kinopoisk-image/4774061/078e3205-15da-4073-90fd-0dc1c35cc77e/600x900",
            "background": "https://in-rating.ru/space/wp-content/uploads/2021/12/%D0%9B%D0%B5%D0%B4%D1%8F%D0%BD%D0%BE%D0%B9-%D0%B4%D1%80%D0%B0%D0%B9%D0%B2-6-1200.jpg",
            "ifream": " https://www.youtube.com/embed/xdWuHf6Un44  ",
            "genre": "Боевики, Триллеры, Зарубежные",
            "actors": [
                {
                    "image": "https://avatars.mds.yandex.net/get-kinopoisk-image/1704946/f2f5e4e7-daf6-4a63-ac6c-2fb5c0d1bcd9/360",
                    "name": "Лиам Нисон",
                    "about": "Лиам Нисон (Liam Neeson) – ирландский и американский актер, обладатель премий «Золотой глобус», BAFTA и номинации на...",
                    "hasMovie": "https://www.ivi.ru/person/liam-neeson-7123#filmography"
                },
                {
                    "image": "https://www.vokrug.tv/pic/person/b/0/1/b/b01b267b27dbe296d5edc8e2773ca2aa.jpg",
                    "name": "Лоренс Фишбёрн",
                    "about": "Лоренс Фишберн (Laurence Fishburne) - голливудский актер, продюсер, широко известный по роли Морфеуса в культовой...",
                    "hasMovie": "https://www.ivi.ru/person/lorens_fishbyorn#filmography"
                },
                {
                    "image": "https://avatars.mds.yandex.net/get-kinopoisk-image/4486454/f81c8282-9e48-476e-b0e8-ee7cc6d0f30e/280x420",
                    "name": "Бенджамин Уокер",
                    "about": "Бенджамин Уокер (Benjamin Walker) – американский актер театра и кино, известный по фильмам «Доктор Кинси»,...",
                    "hasMovie": "https://www.ivi.ru/person/bendzhamin_uoker#filmography"
                }
            ]
        },
        {
            "id": 7,
            "name": "Мулан",
            "data": 2020,
            "duration": 110,
            "reiting": 8.4,
            "image": "https://www.film.ru/sites/default/files/styles/thumb_600x680/public/filefield_paths/mulan-2020-movie_5120x2880-scaled_0.jpg",
            "background": "https://static.okko.tv/images/v2/12054096?scale=1&quality=80",
            "ifream": " https://www.youtube.com/embed/R-eFm--k21c  ",
            "genre": "Приключения, Семейные, Фэнтези",
            "actors": [
                {
                    "image": "https://avatars.mds.yandex.net/get-kinopoisk-image/1704946/bc57019c-1ee0-4966-80b2-8d9c3e070b6e/360",
                    "name": "Лю Ифэй",
                    "about": "",
                    "hasMovie": null
                },
                {
                    "image": "https://avatars.mds.yandex.net/get-kinopoisk-image/1600647/391ea3c9-1c7e-4ce5-9d48-668b13e25c1d/360",
                    "name": "Донни Йен",
                    "about": "Звезда фильмов о боевых искусствах Донни Йен ворвался на гонконгскую киносцену, когда сыграл главную роль в...",
                    "hasMovie": "https://www.ivi.ru/person/donni-jen#filmography"
                },
                {
                    "image": "https://thumbs.dfs.ivi.ru/storage28/contents/c/9/6137075da1c411dbc03dc749f77d07.jpg",
                    "name": "Джейсон Скотт Ли",
                    "about": "Джейсон Скотт Ли – мастер боевых искусств и американский киноактер, получивший наибольшую известность благодаря роли...",
                    "hasMovie": "https://www.ivi.ru/person/dzhejson_skott_li#filmography"
                }
            ]
        },
        {
            "id": 8,
            "name": "Вечные",
            "data": 2021,
            "duration": 156,
            "reiting": 9.0,
            "image": "https://www.themoviedb.org/t/p/original/5TVmoyE8ufmxyf7wW8oSuPlKJnN.jpg",
            "background": "https://thumbs.dfs.ivi.ru/storage29/contents/1/2/267943082ea50b675ad150a2009a0e.jpg",
            "ifream": " https://www.youtube.com/embed/_oboseJViww  ",
            "genre": "Фантастика, Боевики, По комиксам",
            "actors": [
                {
                    "image": "https://avatars.mds.yandex.net/get-kinopoisk-image/1600647/517c9f7c-9b38-4b43-a1f9-9587f232808b/360",
                    "name": "Джемма Чан",
                    "about": "Лето 2018 года ознаменовалось для Джеммы Чан превращением из актрисы британского телевидения в голливудскую...",
                    "hasMovie": "https://www.ivi.ru/person/dzhemma-chan#filmography"
                },
                {
                    "image": "https://avatars.mds.yandex.net/get-kinopoisk-image/1777765/369cd7e0-20b4-4805-bfcf-0b35250c3839/280x420",
                    "name": "Ричард Мэдден",
                    "about": "Ричард Мэдден – шотландский актер театра и кино. С детства работал на съемочной площадке, снимаясь в британских...",
                    "hasMovie": "https://www.ivi.ru/person/richard_medden#filmography"
                },
                {
                    "image": "https://avatars.mds.yandex.net/get-kinopoisk-image/1629390/1233d348-cc2c-4ff9-ac82-930d710438a4/280x420",
                    "name": "Кумэйл Нанджиани",
                    "about": "Кумэйл Нанджиани – номинированный на «Оскар» сценарист, состоявшийся актёр и комик.",
                    "hasMovie": "https://www.ivi.ru/person/kumejl-nandzhiani#filmography"
                }
            ]
        },
        {
            "id": 9,
            "name": "Малефисента ",
            "data": 2014,
            "duration": 123,
            "reiting": 8.2,
            "image": "https://avatars.mds.yandex.net/get-kinopoisk-image/1946459/2fb34922-09fc-4b7b-82ef-b58b8f009e93/300x450",
            "background": "https://www.film.ru/sites/default/files/styles/thumb_1024x450/public/trailers_frame/maleficent-movie-wallpapers.jpg",
            "ifream": " https://www.youtube.com/embed/2nq8bKalaC8  ",
            "genre": "Фэнтези, Семейные, Мелодрамы",
            "actors": [
                {
                    "image": "https://avatars.mds.yandex.net/get-kinopoisk-image/1773646/d91cf99a-63a2-432a-a72b-ae0b8c6ea1d6/280x420",
                    "name": "Анджелина Джоли",
                    "about": "Анджелина Джоли (Angelina Jolie) — знаменитая американская киноактриса, сценаристка, режиссер и фотомодель,...",
                    "hasMovie": "https://www.ivi.ru/person/angelina-jolie-2522#filmography"
                },
                {
                    "image": "https://avatars.mds.yandex.net/get-kinopoisk-image/1777765/ed2f56f3-0f51-450e-bafd-ac1de1b4281f/280x420",
                    "name": "Эль Фаннинг",
                    "about": " ",
                    "hasMovie": "https://www.ivi.ru/person/el-fanning#filmography"
                },
                {
                    "image": "https://avatars.mds.yandex.net/get-kinopoisk-image/4774061/7f21bc12-6663-422e-bfe5-13f57c437a86/280x420",
                    "name": "Шарлто Копли",
                    "about": "Шарлто Копли (Sharlto Copley) – южноафриканский продюсер, актер и режиссер, прославившийся благодаря актерским...",
                    "hasMovie": "https://www.ivi.ru/person/sharlto_kopli#filmography"
                }
            ]
        },
        {
            "id": 10,
            "name": "Экипаж",
            "data": 2016,
            "duration": 137,
            "reiting": 8.4,
            "image": "https://avatars.mds.yandex.net/get-kinopoisk-image/1898899/2adce99c-65b4-482a-b439-b1459adbe0c0/600x900",
            "background": "https://thumbs.dfs.ivi.ru/storage33/contents/6/c/1a09c359dc98f0ba4e85cd74e65c1e.jpg",
            "ifream": " https://www.youtube.com/embed/TrGuYJX2tYM  ",
            "genre": "Катастрофы, Приключения, Триллеры",
            "actors": [
                {
                    "image": "https://avatars.mds.yandex.net/get-kinopoisk-image/4774061/2e3d5db0-8c6b-45e4-b988-c80920aa47c7/280x420",
                    "name": "Данила Козловский",
                    "about": "Данила Козловский – российский актер театра, кино и телевидения, режиссер, сценарист и продюсер. Одна из наиболее...",
                    "hasMovie": "https://www.ivi.ru/person/danila_kozlovskij#filmography"
                },
                {
                    "image": "https://avatars.mds.yandex.net/get-kinopoisk-image/1777765/7a38a970-1312-421a-abfd-82843f76d7f0/280x420",
                    "name": "Владимир Машков",
                    "about": "Владимир Машков родился 27 ноября 1963 г. в творческой семье. Его отец Лев Петрович был актёром в кукольном театре,...",
                    "hasMovie": "https://www.ivi.ru/person/vladimir-mashkov#filmography"
                },
                {
                    "image": "https://avatars.mds.yandex.net/get-kinopoisk-image/1777765/180108e2-986c-49dd-8af3-2841ca618016/360",
                    "name": "Агне Грудите",
                    "about": "",
                    "hasMovie": null
                }
            ]
        },
        {
            "id": 11,
            "name": "Дэдпул",
            "data": 12,
            "duration": 103,
            "reiting": 8.2,
            "image": "https://thumbs.dfs.ivi.ru/storage28/contents/5/3/2942382616d1c0d3b93ceddd50cae9.jpg/234x360/?q=60&fbclid=IwAR25grk46D9HLr0ogmab28y4RBRrqxbPg3rOubfImYUwlSXTBfgTwohEEU0",
            "background": "https://s5.afisha.ru/mediastorage/65/07/d2bb99f668c84440a680eb9b0765.jpg",
            "ifream": "  https://www.youtube.com/embed/XlaLN2hszCc  ",
            "genre": "Фантастика,Боевики,Комедии",
            "actors": [
              {
                "image": "https://s5.vcdn.biz/static/f/2312200661/image.jpg",
                "name": "Райан Рейнольдс",
                "about": "Райан Рейнольдс (Ryan Reynolds) – киноактер, известный по ролям в развлекательных фильмах и молодежных блокбастерах...",
                "hasMovie": "https://www.ivi.ru/person/rajan_rejnolds#filmography"
              },
              {
                "image": "https://upload.wikimedia.org/wikipedia/commons/thumb/a/a6/Morena_Baccarin_by_Gage_Skidmore_2.jpg/240px-Morena_Baccarin_by_Gage_Skidmore_2.jpg",
                "name": "Морена Баккарин",
                "about": "Морена Баккарин – американская актриса, неоднократная номинантка на самые престижные премии в области киноиндустрии,...",
                "hasMovie": "https://www.ivi.ru/person/morena_bakkarin#filmography"
              },
              {
                "image": "https://www.vokrug.tv/pic/person/9/f/4/c/9f4cbe6a1dcf6a1e2a3ef01f57fc97f8.jpeg",
                "name": "Эд Скрейн",
                "about": "Ed Skrein",
                "hasMovie": "https://www.ivi.ru/person/ed-skrejn#filmography"
              }
            ]
          },
      
          {
            "id": 12,
            "name": "Приходите завтра",
            "data": 1962,
            "duration": 92,
            "reiting": 8.2,
            "image": "https://thumbs.dfs.ivi.ru/storage37/contents/9/6/5f66a98f7fd326b935632debff6934.jpg/234x360/?q=60&fbclid=IwAR2l301UhWK3tir-2ApImQmk2rxKWAUpfCrRiCyKJC2snz-fUS8jsMmZi8M",
            "background": "https://thumbs.dfs.ivi.ru/storage8/contents/2/5/662982798d5758966d29e3844ff424.jpg",
            "ifream": " https://www.youtube.com/embed/qBVHXZeZ_Wc  ",
            "genre": "Советские,Драмы,Мелодрамы",
            "actors": [
              {
                "image": "https://thumbs.dfs.ivi.ru/storage15/contents/6/5/025af252d3fda142ef8b8bff697369.jpg/120x144/?q=60",
                "name": "Екатерина Савинова",
                "about": "Екатерина Фёдоровна Савинова – советская актриса. Родилась 26 декабря 1926",
                "hasMovie": "https://www.ivi.ru/person/ekaterina-savinova-8186#filmography"
              },
              {
                "image": "https://upload.wikimedia.org/wikipedia/commons/thumb/a/a6/Morena_Baccarin_by_Gage_Skidmore_2.jpg/240px-Morena_Baccarin_by_Gage_Skidmore_2.jpg",
                "name": "Анатолий Папанов",
                "about": "Анатолий Папанов – советский актер театра и кино, народный артист СССР, лауреат Государственной премии СССР. За свою...",
                "hasMovie": "https://www.ivi.ru/person/anatoliy-papanov-7910#filmography"
              },
              {
                "image": "https://thumbs.dfs.ivi.ru/storage31/contents/6/5/12834edf017dd1563160ddd73be53c.jpg/120x144/?q=60",
                "name": "Борис Бибиков",
                "about": "Борис Бибиков",
                "hasMovie": null
              }
            ]
          },
      
          {
            "id": 13,
            "name": "Лулу и Бриггс",
            "data": 2022,
            "duration": 150,
            "reiting": 9,
            "image": "https://thumbs.dfs.ivi.ru/storage39/contents/d/5/6e087950c92dfd8b1f9830904d16a1.jpg/234x360/?q=60&fbclid=IwAR1u5L0xa5aSvnk1tkz1lgN6yaJ99rIcSp7klSQKXwJtLOgaew7acC8GC-o",
            "background": "https://thumbs.dfs.ivi.ru/storage6/contents/3/3/a36eb9ca0ec51ffbfe012e6b88699c.jpg",
            "ifream": " https://www.youtube.com/embed/rIr54f3h5Hc  ",
            "genre": "Комедии,Семейные,Драмы",
            "actors": [
              {
                "image": "",
                "name": "Ченнинг Татум",
                "about": "Ченнинг Татум (Channing Tatum) — американский киноактер, продюсер и модель. Известен по фильмам «Шаг вперед»,...",
                "hasMovie": "https://thumbs.dfs.ivi.ru/storage6/contents/1/7/ebaade9aaa054c487ced93536039c3.jpg/120x144/?q=60"
              },
              {
                "image": "https://thumbs.dfs.ivi.ru/storage26/contents/2/3/f473cbf6aaee4aff4699a31550f1a3.jpg/120x144/?q=60",
                "name": "Джейн Адамс",
                "about": "Jane Adams",
                "hasMovie": "https://www.ivi.ru/person/dzhejn-adams#filmography"
              },
              {
                "image": "https://thumbs.dfs.ivi.ru/storage29/contents/a/c/d2fa339386f3a5743b377b133a2d44.jpg/120x144/?q=60",
                "name": "Акилла Золл",
                "about": "Акилла Золл",
                "hasMovie": null
              }
            ]
          },
      
          {
            "id": 14,
            "name": "Шалун",
            "data": 2006,
            "duration": 100,
            "reiting": 10,
            "image": "https://thumbs.dfs.ivi.ru/storage9/contents/b/b/5baa134dd5d804aef5f9999da4c6d2.jpg/234x360/?q=60&fbclid=IwAR1LwRtpOQ0n8yOf9a4cNdOrNQq00QuOMdc5S01Ybbg3pOy57nDfJAaqfTg",
            "background": "https://thumbs.dfs.ivi.ru/storage15/contents/a/3/bddf3adbda1c1af9fc980ef1e8a4ea.jpg",
            "ifream": " https://www.youtube.com/embed/Ybl8JJHp46w  ",
            "genre": "Комедии,Криминал,Зарубежные",
            "actors": [
              {
                "image": "https://thumbs.dfs.ivi.ru/storage4/contents/6/c/c68a4ce9d19a7fdf60a8974f3007e3.jpg/120x144/?q=60",
                "name": "Марлон Уайанс",
                "about": "Марлон Уайанс – американский комик, известный по фильмам «Не грози южному централу, попивая сок у себя в квартале»,...",
                "hasMovie": "https://www.ivi.ru/person/marlon_uajans#filmography"
              },
              {
                "image": "https://thumbs.dfs.ivi.ru/storage39/contents/4/0/08023cc3c00cf6ffec97ccfc252df7.jpg/120x144/?q=60",
                "name": "Керри Вашингтон",
                "about": "Керри Вашингтон (Kerry Washington) – голливудская актриса, получившая мировую известность после исполнения роли...",
                "hasMovie": "https://www.ivi.ru/person/kerri_vashington#filmography"
              },
              {
                "image": "https://www.ivi.ru/person/dzhon-uizerspun",
                "name": "Джон Уизерспун",
                "about": "Джон Уизерспун",
                "hasMovie": null
              }
            ]
          },
      
          {
            "id": 15,
            "name": "После",
            "data": 2019,
            "duration": 100,
            "reiting": 9,
            "image": "https://m.media-amazon.com/images/I/41uE9+ttcBL.jpg",
            "background": "https://d28hgpri8am2if.cloudfront.net/book_images/onix/cvr9781982111007/after-9781982111007_hr.jpg",
            "ifream": " https://www.youtube.com/embed/rPTf0Gw5-Bg  ",
            "genre": "Мелодрамы,ДрамыЗару,бежные",
            "actors": [
              {
                "image": "https://i.pinimg.com/736x/0e/45/1f/0e451f2c512b3ece041af80586d54a37.jpg",
                "name": "Джозефина Лэнгфорд",
                "about": "Джозефина Лэнгфорд",
                "hasMovie": null
              },
              {
                "image": "https://thumbs.dfs.ivi.ru/storage2/contents/e/2/3b1c6d918ae216cd894e664937e253.jpg/120x144/?q=60",
                "name": "Сэльма Блэр",
                "about": "Сэльма Блэр (англ. Selma Blair) ― американская актриса. Родилась 23 июня 1972 года в городе Саутфилд, штат...",
                "hasMovie": "https://www.ivi.ru/person/selma-blair-33850#filmography"
              },
              {
                "image": "https://thumbs.dfs.ivi.ru/storage9/contents/e/4/826c219edcda3887a6a63e76941a29.jpg/120x144/?q=60",
                "name": "Дженнифер Билз",
                "about": "Дженнифер Билз - американская актриса и бывшая модель, известная по таким картинам, как «Книга Илая», «Шахматистка»,...",
                "hasMovie": "https://www.ivi.ru/person/dzhennifer_bilz#filmography"
              }
            ]
          },
      
          {
            "id": 16,
            "name": "Девочка",
            "data": 2018,
            "duration": 105,
            "reiting": 7,
            "image": "https://kinogo.zone/uploads/posts/2019-12/1576734203-1370616846-devochka.jpg",
            "background": "https://mf-static-ssl.more.tv/jackal/2229317/d28babf5-1fa2-417a-b1be-6671565c6fca_W1920_H890.webp",
            "ifream": " https://www.youtube.com/embed/g2SL_9ODaE0  ",
            "genre": "ДрамыЗару,бежные",
            "actors": [
              {
                "image": "https://thumbs.dfs.ivi.ru/storage30/contents/c/a/56269473349dd5f714dfee2cb98d3b.jpg/120x144/?q=60",
                "name": "Виктор Полстер",
                "about": "Виктор Полстер",
                "hasMovie": null
              },
              {
                "image": "https://thumbs.dfs.ivi.ru/storage23/contents/b/c/9580a5272923837ca3c11fcd134aa6.jpg/120x144/?q=60",
                "name": "Тимен Говертс",
                "about": "Тимен Говертс",
                "hasMovie": null
              },
              {
                "image": "https://thumbs.dfs.ivi.ru/storage29/contents/3/f/4d9aa8e1c5f0d0c64f3d31a24a2149.jpg/120x144/?q=60",
                "name": "Кателена Дамен",
                "about": "Кателена Дамен",
                "hasMovie": null
              }
            ]
          },
          {
            "id": 17,
            "name": "Разбитая колыбель",
            "data": "2020",
            "duration": 89,
            "reiting": 7,
            "image": "https://kino-russfilmi.ru/wp-content/uploads/2022/03/1586172667_1.jpg",
            "background": "https://images.iptv.rt.ru/images/cbofk6bir4ssllu4s54g.jpg",
            "ifream": " https://www.youtube.com/embed/xHlMjkb2BfY  ",
            "genre": "Триллеры,ДрамыЗару,бежные",
            "actors": [
              {
                "image": "https://thumbs.dfs.ivi.ru/storage26/contents/9/d/212e61cffff07cc4b8a207a5cf6f7b.jpg/120x144/?q=60",
                "name": "Кэти Леклерк",
                "about": "Кэти Леклерк",
                "hasMovie": "https://www.ivi.ru/person/keti-leklerk#filmography"
              },
              {
                "image": "https://thumbs.dfs.ivi.ru/storage32/contents/7/0/7985d51f8b672aa6be1192bc343a50.jpg/120x144/?q=60",
                "name": "Виктория Барабаш",
                "about": "Виктория Барабаш",
                "hasMovie": null
              },
              {
                "image": "https://thumbs.dfs.ivi.ru/storage31/contents/3/1/950b2f2a72d9e347b7d423d4025ab6.jpg/120x144/?q=60",
                "name": "Тодд Кахун",
                "about": "Тодд Кахун",
                "hasMovie": null
              }
            ]
          },
      
          {
            "id": 18,
            "name": "Драйв смотреть",
            "data": 2011,
            "duration": 96,
            "reiting": 5,
            "image": "https://avatars.mds.yandex.net/get-kinopoisk-image/6201401/0122a73c-31c5-4323-8801-80baafec0933/600x900",
            "background": "https://kinokit.net/uploads/posts/2012-02/1330377180_1.jpg",
            "ifream": " https://www.youtube.com/embed/ToIQwJ0hP_M  ",
            "genre": "Драмы,КриминалЗару,бежные",
            "actors": [
              {
                "image": "https://thumbs.dfs.ivi.ru/storage4/contents/e/4/ef353659afb9367ca2acbecc2414ee.jpg/120x144/?q=60",
                "name": "Кэри Маллиган",
                "about": "Кэри Ханна Маллиган — британская актриса театра и кино, лауреат премии BAFTA за лучшую женскую роль, номинировалась...",
                "hasMovie": "https://www.ivi.ru/person/keri_malligan#filmography"
              },
              {
                "image": "https://thumbs.dfs.ivi.ru/storage2/contents/e/d/0e563136d4fd9693e09956fc01debb.jpg/120x144/?q=60",
                "name": "Альберт Брукс",
                "about": "Альберт Брукс (Albert Brooks) — американский актер, комик, сценарист и кинорежиссер. Номинант премии «Оскар»....",
                "hasMovie": "https://www.ivi.ru/person/albert_bruks#filmography"
              },
              {
                "image": "https://thumbs.dfs.ivi.ru/storage8/contents/5/d/aba11d3e5c685c0b5147162c3c4e7a.jpeg/120x144/?q=60",
                "name": "Брайан Крэнстон",
                "about": "Брайан Крэнстон (Bryan Cranston) - американский актер, наиболее известный по сериалам «Малкольм в центре внимания»,...",
                "hasMovie": "https://www.ivi.ru/person/brajan_krenston#filmography"
              }
            ]
          },
      
          {
            "id": 19,
            "name": "Стикер смотреть",
            "data": 2022,
            "duration": 120,
            "reiting": 8,
            "image": "https://kinogo.zone/uploads/posts/2022-04/1649067123-2093268458-stiker.jpg",
            "background": "https://kinozoom.pw/uploads/posts/2022-05/1653809095_1920x.jpg",
            "ifream": " https://www.youtube.com/embed/QLc4CrBYmN8  ",
            "genre": "Триллеры,Мелодрамы,Детективы",
            "actors": [
              {
                "image": "https://thumbs.dfs.ivi.ru/storage15/contents/4/4/23740b15663f98cb840ffd29bf06f6.jpg/120x144/?q=60",
                "name": "Иван Стебунов",
                "about": "Иван Стебунов — отечественный актер театра и кино. Наиболее широкую известность получил за свои роли в фильмах...",
                "hasMovie": "https://www.ivi.ru/person/ivan-stebunov#filmography"
              },
              {
                "image": "https://thumbs.dfs.ivi.ru/storage6/contents/4/1/6ee3dc17828dd87a47ee1d1b4d0ef9.jpg/120x144/?q=60",
                "name": "Евгения Нохрина",
                "about": "Евгения Нохрина",
                "hasMovie": "null"
              },
              {
                "image": "https://thumbs.dfs.ivi.ru/storage6/contents/4/9/43dbb1bf9afc8486d1eb16a4ed1440.jpg/120x144/?q=60",
                "name": "Александр Дьяченко",
                "about": "Александр Дьяченко – российский актер, ставший известным после съемок в фильме «Брат 2». Звезда телесериалов «Две...",
                "hasMovie": "https://www.ivi.ru/person/aleksandr-dyachenko-415#filmography"
              }
            ]
          },
          {
            "id": 20,
            "name": "Дело Коллини",
            "data": 2019,
            "duration": 117,
            "reiting": 8,
            "image": "https://cdn-irec.r-99.com/sites/default/files/imagecache/300o/product-images/163999/tN04GlMPXOom9QsM2caNvA.jpg",
            "background": "https://thumbs.dfs.ivi.ru/storage32/contents/7/e/e721a58c2b258e1cbf3ceae0f01b2e.jpg",
            "ifream": " https://www.youtube.com/embed/leeqI3L0NbU  ",
            "genre": "Триллеры,Криминал,Драмы",
            "actors": [
              {
                "image": "https://thumbs.dfs.ivi.ru/storage29/contents/b/6/4b7e9a14c4c8c51d80dd2bdd3cbb2b.jpg/120x144/?q=60",
                "name": "Элиас ЭмБарек",
                "about": "Элиас ЭмБарек (нем. Elyas M'Barek) - германо-австрийский актер. Родился в Германии в Мюнхене 29 мая 1982 года....",
                "hasMovie": "https://www.ivi.ru/person/elias_embarek#filmography"
              },
              {
                "image": "https://thumbs.dfs.ivi.ru/storage2/contents/0/e/284f12055ee1485256cb162afbbb4e.jpg/120x144/?q=60",
                "name": "Александра Мария Лара",
                "about": "Александра Мария Лара (англ. Alexandra Maria Lara) – немецкая актриса. Известна по ролям в фильмах «Туннель» Роланда...",
                "hasMovie": "https://www.ivi.ru/person/aleksandra_mariya_lara#filmography"
              },
              {
                "image": "https://thumbs.dfs.ivi.ru/storage8/contents/1/9/9534b950854665a0c7abdd2a55f165.jpg/120x144/?q=60",
                "name": "Хайнер Лаутербах",
                "about": "Хайнер Лаутербах",
                "hasMovie": "https://www.ivi.ru/person/hajner-lauterbah#filmography"
              }
            ]
          }
    ]
    
  }